hello,,,,,,
https://doc.scrapy.org/en/latest/intro/tutorial.html,https://sitaravisram.wixsite.com/thisisatest,,,,,
,https://sitaravisram.wixsite.com/thisisatest/t,,,,,
https://stackoverflow.com/questions/6456304/scrapy-unit-testing,https://sitaravisram.wixsite.com/thisisatest/second-page,,,,,
https://tinyurl.com/ybyc5cxq,https://sitaravisram.wixsite.com/thisisatest/second-page,,,,,
https://docs.python.org/2/library/unittest.html,https://sitaravisram.wixsite.com/thisisatest/t,,,,,
https://www.google.ca/search?aqs=chrome.0.0j69i60l3j0l2.908j0j7&ie=UTF-8&oq=goo&q=google&sourceid=chrome,https://sitaravisram.wixsite.com/thisisatest/t,,,,,
,,,,,,
,,,,,,
,,,,,,
,,,,,,
,,,,,,
,,,,,,
,,,,,,
,,,,,,
,,,,,,
,,,,,,
,,,,,,
,,,,,,
,,,,,,
,,,,,,
,,,,,,